Chromaticity,Red,Green,Blue,Whitepoint
x,0.6400,0.3000,0.1500,0.3127
y,0.3300,0.6000,0.0600,0.3290
Y,0.212656,0.715158,0.072186,1.0000
